{"ratio": [], "shift": [["canBorrow,USER", 0], ["canBorrow,BOOK", 0], ["hasOne,CATEGORY", 0], ["hasOne,BOOK", 0]], "colors": [["annotation_color", "#d73027"], ["annotation_text_color", "#ffffbf"], ["association_attribute_text_color", "#000000"], ["association_cartouche_color", "#fdae61"], ["association_cartouche_text_color", "#000000"], ["association_color", "#fee090"], ["association_stroke_color", "#f46d43"], ["background_color", "#ffffbf"], ["card_text_color", "#4575b4"], ["entity_attribute_text_color", "#000000"], ["entity_cartouche_color", "#abd9e9"], ["entity_cartouche_text_color", "#000000"], ["entity_color", "#e0f3f8"], ["entity_stroke_color", "#74add1"], ["leg_stroke_color", "#f46d43"], ["transparent_color", "none"]], "cy": [["canBorrow", 60], ["USER", 60], ["BOOK", 178], ["hasOne", 178], ["CATEGORY", 178]], "cx": [["canBorrow", 49], ["USER", 157], ["BOOK", 49], ["hasOne", 157], ["CATEGORY", 258]], "size": [306, 246]}